19,001,960100,2791,+41.465710,-094.478473
19,001,960200,1844,+41.234530,-094.467449
19,001,960300,3047,+41.300353,-094.486875
19,003,950100,1742,+41.038826,-094.649007
19,003,950200,2287,+40.982218,-094.755776
19,005,960100,2130,+43.349196,-091.237311
19,005,960200,2591,+43.392120,-091.440504
19,005,960300,4088,+43.270187,-091.479265
19,005,960400,2343,+43.176877,-091.280586
19,005,960500,3178,+43.127379,-091.539016
19,007,950100,2587,+40.789085,-092.749178
19,007,950200,1868,+40.804340,-092.950383
19,007,950300,3055,+40.739400,-092.874191
19,007,950400,3025,+40.723115,-092.871466
19,007,950500,2352,+40.656507,-092.915377
19,009,070100,2056,+41.715501,-094.959407
19,009,070200,2332,+41.720072,-094.927754
19,009,070300,1731,+41.572639,-094.881586
19,011,960100,3012,+42.225406,-091.906901
19,011,960200,3251,+42.128891,-092.139015
19,011,960300,5410,+42.164138,-092.024470
19,011,960400,3270,+42.108030,-091.898848
19,011,960500,5760,+41.954195,-091.892885
19,011,960600,2643,+41.934113,-092.131463
19,011,960700,2730,+41.897887,-092.274826
19,013,000100,2011,+42.502462,-092.337592
19,013,000200,3057,+42.486689,-092.342600
19,013,000300,3104,+42.491671,-092.351710
19,013,000400,1566,+42.500986,-092.371003
19,013,000500,1717,+42.513266,-092.346951
19,013,000700,1518,+42.497158,-092.324889
19,013,000800,4028,+42.491529,-092.303941
19,013,000900,1764,+42.472100,-092.330044
19,013,001000,3626,+42.476724,-092.330835
19,013,001100,2847,+42.480768,-092.346591
19,013,001200,2321,+42.473224,-092.345980
19,013,001301,4142,+42.463325,-092.346293
19,013,001302,3632,+42.464099,-092.366998
19,013,001400,4557,+42.480725,-092.363739
19,013,001501,3120,+42.470150,-092.384216
19,013,001502,4165,+42.494920,-092.391068
19,013,001503,3845,+42.508598,-092.392043
19,013,001600,2761,+42.523356,-092.368087
19,013,001701,2147,+42.516541,-092.336353
19,013,001702,2467,+42.527939,-092.342992
19,013,001800,1506,+42.509213,-092.325622
19,013,001900,2181,+42.502350,-092.308297
19,013,002000,5395,+42.467315,-092.279672
19,013,002200,4202,+42.532997,-092.453490
19,013,002301,2248,+42.520038,-092.443353
19,013,002303,5142,+42.514667,-092.460570
19,013,002304,2749,+42.521821,-092.456930
19,013,002400,4078,+42.516701,-092.420637
19,013,002500,5719,+42.504425,-092.429682
19,013,002601,4311,+42.492386,-092.449025
19,013,002603,10029,+42.529997,-092.483248
19,013,002604,4154,+42.578506,-092.424425
19,013,002700,3888,+42.476212,-092.232485
19,013,002800,3010,+42.513340,-092.141216
19,013,002901,1366,+42.444984,-092.285306
19,013,002902,3900,+42.344451,-092.220254
19,013,003001,5022,+42.437460,-092.341700
19,013,003002,3795,+42.396764,-092.440079
19,015,020100,2913,+42.095541,-093.828540
19,015,020200,3900,+42.071175,-093.879714
19,015,020300,6153,+42.054360,-093.875584
19,015,020400,2554,+42.058904,-093.902452
19,015,020500,4687,+41.909034,-093.819943
19,015,020600,2283,+41.922662,-093.982577
19,015,020700,3816,+42.067891,-094.028633
19,017,004000,2690,+42.729232,-092.483609
19,017,004100,3515,+42.735020,-092.467771
19,017,004200,3909,+42.719622,-092.479216
19,017,004300,1892,+42.695483,-092.223520
19,017,004400,2824,+42.789175,-092.331484
19,017,004500,2512,+42.846212,-092.341968
19,017,004600,4876,+42.668742,-092.391572
19,017,004700,2058,+42.849992,-092.099216
19,019,950100,2492,+42.543006,-091.717843
19,019,950200,4054,+42.598184,-091.965460
19,019,950300,3276,+42.487478,-092.051637
19,019,950400,2705,+42.467067,-091.906848
19,019,950500,3956,+42.471558,-091.883134
19,019,950600,4475,+42.380235,-091.846880
19,021,960100,1570,+42.811707,-094.987096
19,021,960200,1936,+42.858846,-095.199674
19,021,960300,1940,+42.633050,-095.025502
19,021,960400,6345,+42.641357,-095.189364
19,021,960500,4944,+42.645757,-095.213128
19,021,960600,3525,+42.661666,-095.284969
19,023,070100,3260,+42.781858,-092.673905
19,023,070200,1971,+42.736637,-092.958320
19,023,070300,2825,+42.827191,-092.808537
19,023,070400,3824,+42.582781,-092.814843
19,023,070500,2987,+42.653777,-092.600509
19,025,950100,2369,+42.522578,-094.549205
19,025,950200,3107,+42.447064,-094.674594
19,025,950300,1796,+42.324997,-094.486430
19,025,950400,2398,+42.274752,-094.740536
19,027,960100,3882,+42.084498,-094.779706
19,027,960200,2400,+42.079805,-094.996653
19,027,960300,6293,+42.076450,-094.862129
19,027,960400,3960,+42.059990,-094.868185
19,027,960500,1951,+41.885752,-094.711127
19,027,960600,2330,+41.908838,-095.026182
19,029,190100,2610,+41.435303,-094.867545
19,029,190200,2436,+41.253884,-095.096215
19,029,190300,1580,+41.271348,-094.849012
19,029,190400,4222,+41.397519,-095.002149
19,029,190500,3108,+41.400520,-095.017327
19,031,450100,2907,+41.870350,-090.999848
19,031,450200,3733,+41.873520,-091.248694
19,031,450300,3459,+41.772310,-091.127314
19,031,450400,2976,+41.642377,-090.930835
19,031,450500,5424,+41.672196,-091.254306
19,033,950102,4689,+43.164605,-093.195756
19,033,950200,6296,+43.149292,-093.229994
19,033,950300,4861,+43.140247,-093.209855
19,033,950402,4130,+43.142960,-093.194520
19,033,950600,2175,+43.179463,-093.133075
19,033,950700,4031,+43.136151,-093.369243
19,033,950800,5002,+43.147843,-093.409020
19,033,950900,1582,+43.090369,-093.378385
19,033,951000,2864,+42.962795,-093.274009
19,033,951400,3784,+43.145852,-093.163080
19,033,951600,4737,+43.150850,-093.180833
19,035,080100,5655,+42.754694,-095.551827
19,035,080200,2498,+42.828117,-095.681158
19,035,080300,1707,+42.708200,-095.727679
19,035,080400,2212,+42.678151,-095.500042
19,037,070100,3335,+43.112833,-092.380353
19,037,070200,2499,+42.953414,-092.510276
19,037,070300,2778,+42.996356,-092.193631
19,037,070400,3827,+43.058443,-092.313887
19,039,960100,4971,+41.032591,-093.765647
19,039,960200,2106,+41.049902,-093.677747
19,039,960300,2209,+41.033926,-093.915061
19,041,080100,2064,+43.085292,-095.041426
19,041,080200,5382,+43.145173,-095.137157
19,041,080300,6112,+43.142329,-095.158089
19,041,080400,3109,+43.094782,-095.279696
19,043,070100,3080,+43.002385,-091.229368
19,043,070200,3525,+43.033012,-091.441959
19,043,070300,3320,+42.863489,-091.361614
19,043,070400,2577,+42.789093,-091.109664
19,043,070500,2275,+42.700974,-091.189543
19,043,070600,3352,+42.706742,-091.499978
19,045,000100,3352,+41.845700,-090.193897
19,045,000200,2100,+41.827606,-090.208929
19,045,000300,5416,+41.837079,-090.204007
19,045,000400,3764,+41.832493,-090.237090
19,045,000500,4447,+41.853498,-090.205300
19,045,000600,3687,+41.866598,-090.191218
19,045,000700,4145,+41.882923,-090.186310
19,045,000800,5264,+41.789349,-090.277649
19,045,000900,6488,+41.822304,-090.536437
19,045,001000,4004,+41.831926,-090.729314
19,045,001100,2445,+41.972549,-090.704655
19,045,001200,4004,+41.947089,-090.357099
19,047,070100,1855,+42.088855,-095.204480
19,047,070200,2257,+42.152664,-095.443285
19,047,070300,2213,+41.983928,-095.540032
19,047,070400,8878,+42.017606,-095.347684
19,047,070500,1893,+41.914272,-095.246545
19,049,050100,4499,+41.764176,-093.863515
19,049,050200,3649,+41.712816,-093.989739
19,049,050300,4655,+41.841303,-094.092799
19,049,050400,3157,+41.839467,-094.106395
19,049,050500,2117,+41.727747,-094.172713
19,049,050600,2987,+41.557631,-094.164917
19,049,050700,4203,+41.611496,-094.024485
19,049,050803,5745,+41.630791,-093.840153
19,049,050805,5802,+41.615730,-093.823898
19,049,050807,6257,+41.607908,-093.853329
19,049,050809,5799,+41.590807,-093.847836
19,049,050811,8318,+41.576841,-093.804939
19,049,050812,1600,+41.536578,-093.844307
19,049,050901,3414,+41.608054,-093.880405
19,049,050902,3933,+41.541868,-093.969482
19,051,080100,4001,+40.763788,-092.343529
19,051,080200,4752,+40.766199,-092.476691
19,053,960100,2496,+40.750167,-093.725569
19,053,960200,3826,+40.666532,-093.924733
19,053,960300,2135,+40.740974,-093.747901
19,055,950100,3861,+42.538495,-091.249370
19,055,950200,3178,+42.562214,-091.476014
19,055,950300,5251,+42.489896,-091.454561
19,055,950400,5474,+42.389417,-091.355752
19,057,000200,3116,+40.819244,-091.107261
19,057,000300,3909,+40.816222,-091.128436
19,057,000400,4154,+40.805809,-091.115033
19,057,000500,4834,+40.795336,-091.113036
19,057,000600,4018,+40.785615,-091.105824
19,057,000700,2932,+40.792071,-091.131244
19,057,000800,3118,+40.820795,-091.159203
19,057,000900,3420,+40.834519,-091.128736
19,057,001000,4545,+40.959569,-091.121704
19,057,001100,3698,+40.901271,-091.238571
19,057,001200,2581,+40.809827,-091.256989
19,059,450200,2180,+43.408230,-095.285202
19,059,450500,5100,+43.418819,-095.104561
19,059,450800,3427,+43.320511,-095.117694
19,059,451000,2552,+43.426075,-095.068271
19,059,451100,3408,+43.376234,-095.144735
19,061,000100,3127,+42.503901,-090.667157
19,061,000300,2094,+42.523226,-090.657171
19,061,000400,3827,+42.528313,-090.669000
19,061,000500,3867,+42.517822,-090.671569
19,061,000600,3330,+42.510889,-090.680386
19,061,000701,3426,+42.503311,-090.678810
19,061,000702,3019,+42.496314,-090.677532
19,061,000801,4398,+42.482030,-090.674078
19,061,000802,3481,+42.479039,-090.701065
19,061,000900,3959,+42.498024,-090.695043
19,061,001101,3579,+42.518297,-090.711301
19,061,001102,6533,+42.523449,-090.706043
19,061,001201,3831,+42.504182,-090.708356
19,061,001202,1925,+42.504039,-090.720191
19,061,001204,2122,+42.507435,-090.747522
19,061,001205,4072,+42.504569,-090.731405
19,061,010101,1953,+42.454542,-090.680739
19,061,010103,2780,+42.543895,-090.677226
19,061,010104,4654,+42.505858,-090.763109
19,061,010105,3708,+42.420762,-090.671206
19,061,010201,5231,+42.476866,-090.823887
19,061,010202,4108,+42.451713,-090.962692
19,061,010300,3113,+42.341280,-090.893651
19,061,010400,3924,+42.460473,-091.058381
19,061,010500,4385,+42.480352,-091.117858
19,061,010600,3207,+42.596301,-090.803156
19,063,070100,1929,+43.367662,-094.495912
19,063,070200,1833,+43.384535,-094.752259
19,063,070300,3311,+43.403216,-094.823973
19,063,070400,3229,+43.407013,-094.840676
19,065,080100,2644,+42.961826,-091.807977
19,065,080200,3609,+42.803854,-091.744982
19,065,080300,2471,+42.733590,-091.964662
19,065,080400,3092,+42.683412,-091.913148
19,065,080500,3586,+42.670957,-091.910256
19,065,080600,2526,+42.988704,-091.679496
19,065,080700,2952,+42.967526,-091.963992
19,067,480100,2852,+43.104393,-092.680910
19,067,480200,2722,+43.136637,-092.960374
19,067,480300,2579,+43.003286,-092.864514
19,067,480400,3118,+43.073525,-092.671187
19,067,480500,5032,+43.061454,-092.673097
19,069,360100,3351,+42.781095,-093.175169
19,069,360200,4722,+42.744169,-093.207069
19,069,360300,2607,+42.741902,-093.384229
19,071,970100,2085,+40.742907,-095.492136
19,071,970200,2785,+40.809444,-095.655469
19,071,970300,2571,+40.685403,-095.694859
19,073,080100,2059,+42.035666,-094.229926
19,073,080200,2575,+42.016728,-094.362884
19,073,080300,2853,+42.010286,-094.394476
19,073,080500,1849,+42.071541,-094.528308
19,075,960100,4474,+42.400720,-092.609559
19,075,960200,2874,+42.461312,-092.834018
19,075,960300,2958,+42.358878,-092.775521
19,075,960400,2147,+42.258595,-092.884853
19,077,950100,4296,+41.736084,-094.378813
19,077,950200,2295,+41.689593,-094.583068
19,077,950300,4363,+41.593234,-094.403030
19,079,960100,1915,+42.469102,-093.716213
19,079,960200,3520,+42.311784,-093.608304
19,079,960300,3034,+42.464534,-093.812096
19,079,960400,5228,+42.463409,-093.832796
19,079,960500,1976,+42.283221,-093.855905
19,081,270100,3876,+43.111686,-093.596659
19,081,270200,2592,+43.083513,-093.633413
19,081,270300,2684,+43.117372,-093.801011
19,081,270400,2189,+43.036152,-093.864109
19,083,480100,2606,+42.507287,-093.069442
19,083,480200,2266,+42.520624,-093.250110
19,083,480300,3889,+42.523766,-093.277221
19,083,480400,2892,+42.421284,-093.385905
19,083,480500,2917,+42.284956,-093.189859
19,083,480600,2964,+42.361066,-093.097379
19,085,290100,2547,+41.830547,-095.761394
19,085,290200,3491,+41.725035,-095.796368
19,085,290300,3044,+41.642401,-095.820173
19,085,290400,3324,+41.562293,-095.889085
19,085,290500,2522,+41.561910,-095.746038
19,087,970100,4073,+41.121348,-091.554436
19,087,970200,3031,+40.917351,-091.624244
19,087,970300,4443,+40.970662,-091.557995
19,087,970400,4934,+40.960767,-091.542534
19,087,970500,3664,+40.919308,-091.412933
19,089,960100,3993,+43.374945,-092.114542
19,089,960200,2856,+43.369843,-092.187997
19,089,960300,2717,+43.333381,-092.447305
19,091,970100,2184,+42.785202,-094.102981
19,091,970200,1857,+42.779858,-094.338530
19,091,970300,2973,+42.720251,-094.210728
19,091,970400,2801,+42.723084,-094.226897
19,093,090100,2550,+42.493839,-095.529977
19,093,090200,2161,+42.324602,-095.509700
19,093,090300,2378,+42.342085,-095.472165
19,095,960100,3815,+41.781340,-091.923306
19,095,960200,4056,+41.791336,-092.107260
19,095,960300,3293,+41.606809,-092.172135
19,095,960400,5191,+41.636213,-091.989038
19,097,950100,2633,+42.162549,-090.783472
19,097,950200,3582,+42.220904,-090.584938
19,097,950300,3533,+42.065921,-090.328380
19,097,950400,3610,+42.243624,-090.441391
19,097,950500,4050,+42.064788,-090.674998
19,097,950600,2440,+42.069858,-090.657294
19,099,040100,3741,+41.746690,-092.926968
19,099,040200,3924,+41.780465,-093.207951
19,099,040300,2619,+41.705838,-093.069444
19,099,040400,5112,+41.699760,-093.029637
19,099,040500,5127,+41.697847,-093.046904
19,099,040600,2942,+41.692283,-093.064830
19,099,040700,5202,+41.633983,-093.245830
19,099,040800,5266,+41.584534,-093.078536
19,099,040900,2909,+41.591363,-092.855931
19,101,090100,3719,+41.027701,-091.865075
19,101,090200,3135,+41.019500,-092.076577
19,101,090300,5338,+41.003662,-091.975493
19,101,090400,4651,+41.008202,-091.956203
19,103,000100,6307,+41.677302,-091.523663
19,103,000200,2668,+41.676365,-091.572659
19,103,000301,9143,+41.702098,-091.593888
19,103,000302,5465,+41.684899,-091.591803
19,103,000400,6875,+41.653025,-091.585882
19,103,000500,7218,+41.648274,-091.563022
19,103,000600,3001,+41.652169,-091.549673
19,103,001100,3934,+41.665488,-091.529441
19,103,001200,1928,+41.660913,-091.512611
19,103,001300,3006,+41.661713,-091.491366
19,103,001400,4587,+41.649706,-091.491627
19,103,001500,2553,+41.652341,-091.510885
19,103,001600,7267,+41.656387,-091.526946
19,103,001700,2814,+41.647179,-091.520979
19,103,001801,4920,+41.628195,-091.502831
19,103,001802,3790,+41.635974,-091.520200
19,103,002100,3784,+41.662130,-091.534859
19,103,002300,4510,+41.664575,-091.547048
19,103,010100,6811,+41.776448,-091.494579
19,103,010200,4742,+41.828324,-091.667414
19,103,010301,10218,+41.738617,-091.655672
19,103,010302,11326,+41.737468,-091.586702
19,103,010400,6758,+41.589937,-091.635336
19,103,010500,7257,+41.603334,-091.458610
19,105,070100,4216,+42.216164,-091.151421
19,105,070300,4784,+42.110317,-091.283901
19,105,070400,4892,+42.055194,-091.261706
19,105,070500,2560,+42.041261,-091.006802
19,105,070600,4186,+42.239289,-091.191720
19,107,080100,2302,+41.367933,-092.002713
19,107,080200,2598,+41.426554,-092.270790
19,107,080300,2749,+41.329346,-092.229250
19,107,080400,2862,+41.195718,-092.174525
19,109,950100,2424,+43.386207,-094.197219
19,109,950200,2541,+43.106257,-094.069540
19,109,950300,2374,+43.244160,-094.278330
19,109,950400,2703,+43.067642,-094.240622
19,109,950500,3421,+43.070791,-094.221729
19,109,950600,2080,+43.035703,-094.338271
19,111,490100,3757,+40.631398,-091.350832
19,111,490200,5495,+40.628313,-091.324638
19,111,490300,2258,+40.712459,-091.301461
19,111,490400,2823,+40.731995,-091.485595
19,111,490500,3594,+40.624186,-091.552848
19,111,490600,3558,+40.483640,-091.454437
19,111,490700,4592,+40.420787,-091.394784
19,111,490800,2226,+40.403017,-091.402308
19,111,490900,2357,+40.400825,-091.380750
19,111,491000,2196,+40.400170,-091.394951
19,111,491100,3006,+40.636904,-091.325592
19,113,000100,12535,+42.043522,-091.570974
19,113,000201,5680,+42.042297,-091.680961
19,113,000203,7536,+42.052843,-091.621349
19,113,000205,3991,+42.048370,-091.718810
19,113,000206,7563,+42.062104,-091.658507
19,113,000207,5320,+42.040914,-091.652105
19,113,000300,5310,+42.039746,-091.612324
19,113,000400,5321,+42.041613,-091.588394
19,113,000500,6159,+42.022772,-091.589394
19,113,000600,3002,+42.023393,-091.609477
19,113,000700,2392,+42.018704,-091.636584
19,113,000800,4377,+42.019966,-091.656448
19,113,000901,5888,+42.023145,-091.681988
19,113,000902,6092,+42.013246,-091.698661
19,113,001001,4170,+41.985020,-091.728893
19,113,001002,3467,+41.970679,-091.746462
19,113,001003,6593,+41.967142,-091.729255
19,113,001101,4240,+41.983274,-091.700454
19,113,001102,3269,+41.995686,-091.702229
19,113,001200,1282,+41.984716,-091.683628
19,113,001300,3655,+42.000871,-091.658201
19,113,001400,3488,+42.009009,-091.645964
19,113,001500,2927,+42.001532,-091.624707
19,113,001600,5747,+41.983311,-091.617295
19,113,001700,6433,+41.983820,-091.644313
19,113,001800,3149,+41.996841,-091.644280
19,113,001900,2891,+41.986200,-091.656557
19,113,002200,1832,+41.971068,-091.676458
19,113,002300,4223,+41.974048,-091.699292
19,113,002400,3587,+41.964885,-091.701058
19,113,002500,2859,+41.960428,-091.678679
19,113,002600,2416,+41.960155,-091.658963
19,113,002700,1549,+41.974546,-091.653587
19,113,002800,4126,+41.970586,-091.622392
19,113,002900,4846,+41.949482,-091.664219
19,113,003001,9226,+41.945946,-091.733258
19,113,003002,7327,+41.920873,-091.649680
19,113,010100,2970,+42.257843,-091.550003
19,113,010200,4745,+42.207243,-091.777700
19,113,010300,3731,+42.174203,-091.563320
19,113,010400,2891,+42.048296,-091.438593
19,113,010500,3625,+42.018311,-091.535079
19,113,010600,5827,+42.032924,-091.761708
19,113,010700,5639,+41.899500,-091.680475
19,113,010800,7330,+41.920972,-091.412446
19,115,450100,3252,+41.275769,-091.199084
19,115,450200,3976,+41.267903,-091.376647
19,115,450300,4159,+41.146452,-091.196037
19,117,950100,2134,+41.019927,-093.214764
19,117,950200,2295,+41.027408,-093.413660
19,117,950300,1959,+41.020487,-093.315380
19,117,950400,2510,+41.016980,-093.302797
19,119,950100,2797,+43.373375,-095.969648
19,119,950200,3319,+43.416272,-096.166583
19,119,950300,5465,+43.372518,-096.377461
19,121,060100,6433,+41.404162,-093.952291
19,121,060200,5264,+41.335385,-094.017271
19,121,060300,3982,+41.270260,-094.012438
19,123,950100,3263,+41.306322,-092.503912
19,123,950200,3415,+41.437485,-092.714487
19,123,950300,3559,+41.255239,-092.694013
19,123,950400,3004,+41.302582,-092.634169
19,123,950500,3255,+41.284651,-092.632618
19,123,950600,3352,+41.302820,-092.651052
19,123,950700,2533,+41.289053,-092.649888
19,125,030100,7311,+41.414854,-093.103578
19,125,030200,6625,+41.412271,-092.912824
19,125,030300,3366,+41.401569,-092.920933
19,125,030401,4586,+41.322475,-093.118943
19,125,030402,3941,+41.321378,-093.070527
19,125,030500,2006,+41.320404,-093.098627
19,125,030600,2687,+41.233681,-093.234342
19,125,030700,2787,+41.246505,-092.948328
19,127,950100,2936,+42.116089,-092.911040
19,127,950200,3091,+42.051203,-093.151056
19,127,950300,3443,+41.939455,-093.057653
19,127,950400,3208,+41.961995,-092.821170
19,127,950500,4464,+42.053559,-092.901424
19,127,950600,4765,+42.045903,-092.918380
19,127,950700,4513,+42.052081,-092.932389
19,127,950800,6534,+42.026448,-092.932339
19,127,950900,3307,+42.041691,-092.898897
19,127,951000,4387,+42.023287,-092.903523
19,129,040100,3023,+41.022972,-095.513037
19,129,040201,2283,+41.000064,-095.749448
19,129,040202,3485,+41.100913,-095.728467
19,129,040301,2689,+41.049929,-095.751335
19,129,040302,3579,+41.053770,-095.740238
19,131,560100,3373,+43.368373,-092.674733
19,131,560200,3557,+43.363406,-092.916479
19,131,560300,3846,+43.282983,-092.811212
19,133,960100,2326,+42.148558,-095.836531
19,133,960200,2086,+42.081216,-096.153576
19,133,960300,3017,+42.026789,-096.096771
19,133,960400,1814,+41.992705,-095.796218
19,135,070100,3154,+41.048150,-092.783871
19,135,070200,2760,+41.003837,-092.789511
19,135,070300,2056,+41.059044,-092.946185
19,137,960100,2004,+41.085032,-095.154790
19,137,960200,2562,+41.015953,-095.216652
19,137,960300,3272,+41.010589,-095.228981
19,137,960400,2902,+40.947157,-095.065487
19,139,050100,3465,+41.495246,-090.899520
19,139,050200,5192,+41.558819,-091.061020
19,139,050300,5313,+41.556510,-091.271565
19,139,050400,3917,+41.378161,-091.170422
19,139,050500,4807,+41.428258,-091.067110
19,139,050600,4866,+41.449835,-091.061752
19,139,050700,5720,+41.446309,-091.026701
19,139,050800,3228,+41.431733,-091.045900
19,139,050900,2914,+41.421833,-091.050970
19,139,051000,3323,+41.408601,-091.068015
19,141,490100,2860,+43.159331,-095.491228
19,141,490200,3807,+43.136520,-095.685560
19,141,490300,5114,+43.181692,-095.843511
19,141,490400,2617,+42.967713,-095.618887
19,143,460100,3532,+43.407533,-095.745271
19,143,460200,2930,+43.360881,-095.602201
19,145,490100,2624,+40.816963,-095.200175
19,145,490200,2402,+40.762347,-095.367679
19,145,490300,2878,+40.757985,-095.372097
19,145,490400,3458,+40.749265,-095.037692
19,145,490500,2236,+40.733498,-095.040427
19,145,490600,2334,+40.652785,-095.129911
19,147,960100,1970,+43.028351,-094.509796
19,147,960200,1813,+43.133978,-094.737090
19,147,960300,3998,+43.113388,-094.681992
19,147,960400,1640,+43.115167,-094.875471
19,149,970100,6426,+42.784579,-096.158661
19,149,970200,3628,+42.789702,-096.173694
19,149,970300,3326,+42.828141,-096.451464
19,149,970400,3149,+42.828076,-096.010223
19,149,970500,3065,+42.638047,-096.010648
19,149,970600,5392,+42.642219,-096.346176
19,151,780100,1972,+42.849920,-094.805678
19,151,780200,3152,+42.761834,-094.630948
19,151,780300,2186,+42.627423,-094.707256
19,153,000101,3448,+41.632855,-093.543521
19,153,000102,3921,+41.622693,-093.536194
19,153,000103,2465,+41.620823,-093.549800
19,153,000201,2815,+41.629336,-093.568822
19,153,000202,3526,+41.614516,-093.570181
19,153,000300,4027,+41.618349,-093.594750
19,153,000400,4786,+41.632258,-093.612368
19,153,000500,4500,+41.623377,-093.612606
19,153,000600,3802,+41.630540,-093.631522
19,153,000701,3219,+41.622138,-093.654096
19,153,000702,3196,+41.635859,-093.659316
19,153,000703,3081,+41.621477,-093.667024
19,153,000704,3053,+41.636286,-093.670900
19,153,000801,5986,+41.638559,-093.688317
19,153,000802,3445,+41.621266,-093.680915
19,153,000803,4075,+41.621733,-093.697403
19,153,000901,3370,+41.608306,-093.697355
19,153,000902,3257,+41.607878,-093.678739
19,153,001000,4636,+41.606591,-093.665660
19,153,001100,5276,+41.606334,-093.651644
19,153,001200,3474,+41.607934,-093.639129
19,153,001500,2776,+41.614061,-093.606043
19,153,001700,2584,+41.604236,-093.592337
19,153,001800,2015,+41.604346,-093.566825
19,153,001900,4233,+41.606661,-093.547068
19,153,002100,4879,+41.595646,-093.569691
19,153,002600,2222,+41.598076,-093.647951
19,153,002700,3477,+41.590262,-093.643187
19,153,002800,3473,+41.596966,-093.663964
19,153,002900,4250,+41.587990,-093.663509
19,153,003001,1997,+41.596900,-093.687902
19,153,003002,3316,+41.587828,-093.689268
19,153,003100,1800,+41.578885,-093.684472
19,153,003200,2589,+41.580124,-093.663050
19,153,003901,3722,+41.560245,-093.585906
19,153,003902,5089,+41.553971,-093.578418
19,153,004001,3788,+41.562311,-093.675177
19,153,004004,3219,+41.550759,-093.662583
19,153,004100,3110,+41.556735,-093.632071
19,153,004200,1881,+41.572813,-093.610990
19,153,004300,5817,+41.557600,-093.617167
19,153,004400,3964,+41.559027,-093.602729
19,153,004501,4091,+41.544279,-093.610943
19,153,004502,2470,+41.544682,-093.637980
19,153,004602,6580,+41.533863,-093.612294
19,153,004603,3683,+41.534273,-093.634696
19,153,004701,4278,+41.519171,-093.635966
19,153,004702,2614,+41.520084,-093.612375
19,153,004800,3187,+41.601152,-093.606729
19,153,004900,2159,+41.605986,-093.622852
19,153,005000,4076,+41.604613,-093.630324
19,153,005100,4597,+41.588870,-093.622410
19,153,005200,3162,+41.591170,-093.593026
19,153,005300,2755,+41.589666,-093.549770
19,153,010101,4247,+41.795288,-093.525450
19,153,010102,5915,+41.702019,-093.475867
19,153,010203,20422,+41.725491,-093.620773
19,153,010205,6002,+41.723820,-093.612658
19,153,010207,4473,+41.733453,-093.634308
19,153,010208,4002,+41.740171,-093.625226
19,153,010209,5494,+41.739114,-093.589099
19,153,010211,3791,+41.725838,-093.585535
19,153,010212,4035,+41.715822,-093.588668
19,153,010404,4690,+41.644262,-093.728426
19,153,010405,6999,+41.626267,-093.726324
19,153,010406,3906,+41.628499,-093.750640
19,153,010407,4552,+41.639547,-093.746667
19,153,010408,3726,+41.626964,-093.710563
19,153,010409,4256,+41.644662,-093.708550
19,153,010500,6472,+41.659468,-093.612819
19,153,010600,8321,+41.632909,-093.528622
19,153,010702,5701,+41.609743,-093.380821
19,153,010703,4533,+41.655603,-093.474630
19,153,010705,4500,+41.641216,-093.457178
19,153,010706,5984,+41.637429,-093.479385
19,153,010802,8754,+41.531685,-093.567587
19,153,010803,5073,+41.591143,-093.513391
19,153,010804,4177,+41.579155,-093.481405
19,153,011001,3491,+41.574031,-093.717165
19,153,011021,4785,+41.576657,-093.745841
19,153,011025,3852,+41.578626,-093.766234
19,153,011026,5719,+41.568860,-093.783522
19,153,011027,6703,+41.560747,-093.768301
19,153,011028,4963,+41.557668,-093.737567
19,153,011111,5316,+41.584894,-093.718008
19,153,011112,3932,+41.588022,-093.737437
19,153,011113,2288,+41.588466,-093.783362
19,153,011114,4048,+41.590722,-093.760673
19,153,011201,4978,+41.605488,-093.712009
19,153,011203,3596,+41.607381,-093.800059
19,153,011205,3570,+41.609309,-093.733146
19,153,011206,3487,+41.604623,-093.756203
19,153,011300,13584,+41.668183,-093.789131
19,153,011404,6078,+41.691442,-093.708805
19,153,011500,5237,+41.774986,-093.739417
19,153,011600,0,+41.532674,-093.662498
19,153,011701,8671,+41.669375,-093.740225
19,153,011702,3106,+41.668062,-093.699283
19,155,021200,3785,+41.292423,-095.916221
19,155,021400,3589,+41.398233,-095.830131
19,155,021501,2367,+41.459819,-095.592805
19,155,021502,2840,+41.477160,-095.301761
19,155,021602,2634,+41.235809,-095.633474
19,155,021603,2545,+41.361209,-095.651765
19,155,021701,2296,+41.330564,-095.379386
19,155,021702,2101,+41.232690,-095.371203
19,155,030100,6186,+41.279236,-095.836880
19,155,030200,3352,+41.272551,-095.855636
19,155,030300,3273,+41.271318,-095.882115
19,155,030401,4230,+41.267312,-095.902884
19,155,030402,2763,+41.256514,-095.903988
19,155,030501,2245,+41.265178,-095.888913
19,155,030502,2482,+41.256088,-095.889530
19,155,030601,2230,+41.265058,-095.875062
19,155,030602,2741,+41.256959,-095.874536
19,155,030700,3056,+41.260521,-095.858678
19,155,030800,3491,+41.240921,-095.858681
19,155,030900,1631,+41.258191,-095.852176
19,155,031000,2341,+41.254492,-095.845151
19,155,031100,2708,+41.262583,-095.835306
19,155,031200,3180,+41.246491,-095.830848
19,155,031300,2580,+41.237364,-095.876360
19,155,031400,3783,+41.213691,-095.895657
19,155,031601,4293,+41.249795,-095.791950
19,155,031602,2850,+41.232250,-095.801853
19,155,031700,4514,+41.268958,-095.795917
19,155,031800,3321,+41.298892,-095.824583
19,155,031900,3751,+41.206397,-095.805389
19,157,370100,3157,+41.757194,-092.427765
19,157,370200,3048,+41.664258,-092.650384
19,157,370300,5278,+41.751801,-092.724303
19,157,370400,4122,+41.739059,-092.723409
19,157,370500,3309,+41.603964,-092.484259
19,159,950100,2111,+40.796734,-094.265281
19,159,950200,3020,+40.689747,-094.219844
19,161,080100,2640,+42.483783,-095.189893
19,161,080200,2719,+42.292076,-095.179219
19,161,080300,2297,+42.299698,-094.995534
19,161,080400,2694,+42.419390,-094.978067
19,163,010101,3701,+41.666696,-090.389632
19,163,010102,7141,+41.588032,-090.397422
19,163,010201,5742,+41.650891,-090.585792
19,163,010202,5860,+41.694464,-090.562482
19,163,010300,2586,+41.688088,-090.778906
19,163,010401,5400,+41.520369,-090.760903
19,163,010402,3456,+41.497100,-090.703785
19,163,010600,2422,+41.528414,-090.567105
19,163,010700,1527,+41.529642,-090.581477
19,163,010800,3277,+41.527481,-090.594732
19,163,010900,1970,+41.522706,-090.585962
19,163,011000,2725,+41.520687,-090.609177
19,163,011100,3272,+41.537074,-090.607673
19,163,011200,2281,+41.536380,-090.596164
19,163,011300,3969,+41.537857,-090.583208
19,163,011400,2676,+41.535234,-090.566279
19,163,011500,2326,+41.533926,-090.551227
19,163,011600,3529,+41.542022,-090.563161
19,163,011700,3114,+41.549120,-090.566986
19,163,011800,2348,+41.547168,-090.582432
19,163,011900,2487,+41.551026,-090.596339
19,163,012000,3618,+41.553675,-090.610599
19,163,012100,3569,+41.538387,-090.620552
19,163,012200,2210,+41.514711,-090.621107
19,163,012300,1652,+41.506546,-090.627774
19,163,012400,1375,+41.503345,-090.648162
19,163,012501,4113,+41.550961,-090.636975
19,163,012502,3947,+41.530195,-090.638430
19,163,012601,5204,+41.588585,-090.615389
19,163,012602,4158,+41.570356,-090.619976
19,163,012701,3200,+41.571666,-090.605338
19,163,012702,3165,+41.566965,-090.592878
19,163,012801,4678,+41.582526,-090.585744
19,163,012802,5058,+41.565344,-090.570925
19,163,012901,3966,+41.582078,-090.529628
19,163,012902,5015,+41.566276,-090.535577
19,163,013000,4981,+41.548079,-090.540091
19,163,013100,1860,+41.534844,-090.534809
19,163,013200,1690,+41.529107,-090.522480
19,163,013300,3411,+41.534228,-090.508787
19,163,013400,2945,+41.532040,-090.492340
19,163,013500,3326,+41.548234,-090.512619
19,163,013600,2580,+41.556655,-090.507042
19,163,013702,5871,+41.549670,-090.470160
19,163,013703,2765,+41.565104,-090.506867
19,163,013705,4991,+41.558855,-090.490214
19,163,013706,4067,+41.576429,-090.487491
19,165,960100,3176,+41.684453,-095.188216
19,165,960200,3104,+41.669194,-095.447693
19,165,960300,3474,+41.651427,-095.334319
19,165,960400,2413,+41.654313,-095.310231
19,167,070100,3708,+43.140886,-095.967461
19,167,070200,4041,+43.154608,-096.139068
19,167,070300,6115,+43.148910,-096.284970
19,167,070400,4114,+43.036544,-096.457645
19,167,070500,2846,+42.978200,-096.019826
19,167,070600,6051,+43.004080,-096.058370
19,167,070700,6829,+43.076100,-096.170154
19,169,000100,10778,+42.063760,-093.634133
19,169,000200,3593,+42.041866,-093.613533
19,169,000300,3141,+42.051527,-093.629290
19,169,000400,2550,+42.040761,-093.628034
19,169,000500,3105,+42.036853,-093.641716
19,169,000600,4639,+42.032684,-093.678522
19,169,000700,3160,+42.025586,-093.660861
19,169,000800,5128,+42.024154,-093.644964
19,169,000900,3462,+42.030186,-093.616719
19,169,001000,3954,+42.016883,-093.618920
19,169,001100,6197,+42.018978,-093.646839
19,169,001200,376,+42.014045,-093.649999
19,169,001301,9427,+42.015683,-093.676647
19,169,001302,4363,+41.992959,-093.620198
19,169,010100,7226,+41.897798,-093.614923
19,169,010200,3943,+41.941364,-093.353130
19,169,010300,4479,+42.010249,-093.450700
19,169,010400,2761,+42.025975,-093.451774
19,169,010500,1831,+42.138564,-093.342248
19,169,010600,5429,+42.179449,-093.568703
19,171,290100,3067,+42.152236,-092.364140
19,171,290200,2820,+42.212901,-092.512577
19,171,290300,2715,+42.128654,-092.692065
19,171,290400,2814,+41.994427,-092.585766
19,171,290500,3648,+41.972307,-092.588716
19,171,290600,2703,+41.950284,-092.518727
19,173,180100,2388,+40.853753,-094.553927
19,173,180200,2092,+40.660450,-094.677117
19,173,180300,1837,+40.735553,-094.824324
19,175,190100,2261,+41.064455,-094.147198
19,175,190200,4241,+41.054861,-094.368972
19,175,190300,2151,+41.012748,-094.318619
19,175,190400,3881,+41.066871,-094.364444
19,177,950100,4209,+40.794273,-091.913935
19,177,950200,3361,+40.684550,-091.970638
19,179,960100,2963,+41.114698,-092.481142
19,179,960200,2654,+41.030243,-092.422509
19,179,960300,4332,+41.049957,-092.407860
19,179,960400,3864,+41.022899,-092.396497
19,179,960500,2523,+41.015445,-092.399080
19,179,960600,3018,+41.011347,-092.438609
19,179,960700,3475,+40.970202,-092.491546
19,179,960800,3561,+40.996879,-092.442764
19,179,960900,2991,+41.002666,-092.422367
19,179,961000,3243,+40.993456,-092.415000
19,179,961100,3001,+40.969156,-092.278196
19,181,020100,2240,+41.505996,-093.618269
19,181,020200,6709,+41.479747,-093.676668
19,181,020300,5074,+41.474964,-093.678867
19,181,020400,4280,+41.495061,-093.496177
19,181,020500,2315,+41.435438,-093.411774
19,181,020600,3063,+41.379127,-093.549713
19,181,020700,4312,+41.368390,-093.554002
19,181,020800,3377,+41.369162,-093.574973
19,181,020900,3422,+41.352172,-093.577574
19,181,021000,2951,+41.356489,-093.557651
19,181,021100,4795,+41.259365,-093.501829
19,181,021200,3687,+41.310493,-093.733291
19,183,960100,6354,+41.477304,-091.653648
19,183,960200,4791,+41.363529,-091.827546
19,183,960300,3419,+41.303825,-091.685717
19,183,960400,3984,+41.292278,-091.691857
19,183,960500,3156,+41.278424,-091.594267
19,185,070100,2575,+40.774162,-093.276611
19,185,070200,1736,+40.771370,-093.470167
19,185,070300,2092,+40.672084,-093.227267
19,187,000100,7086,+42.517849,-094.163469
19,187,000200,3631,+42.524596,-094.187616
19,187,000300,1500,+42.521002,-094.211602
19,187,000400,2350,+42.511716,-094.183995
19,187,000500,1675,+42.471998,-094.152009
19,187,000600,4754,+42.495931,-094.170945
19,187,000700,1452,+42.505230,-094.182481
19,187,000900,4924,+42.487355,-094.200933
19,187,010100,2464,+42.544238,-094.084189
19,187,010200,1788,+42.548646,-094.303312
19,187,010300,3284,+42.324118,-094.272021
19,187,010400,3105,+42.333063,-094.081386
19,189,680100,4145,+43.392199,-093.560333
19,189,680200,2742,+43.382027,-093.863111
19,189,680300,3979,+43.264528,-093.643087
19,191,950100,3614,+43.393096,-091.891606
19,191,950200,6008,+43.312217,-091.792686
19,191,950300,3467,+43.294151,-091.790311
19,191,950400,4673,+43.221543,-091.724210
19,191,950500,3294,+43.173400,-091.922506
19,193,000100,4493,+42.505752,-096.364505
19,193,000200,6505,+42.541393,-096.368701
19,193,000300,6097,+42.531589,-096.396171
19,193,000400,4579,+42.535018,-096.411534
19,193,000500,3392,+42.523576,-096.431579
19,193,000600,2712,+42.517040,-096.481162
19,193,000700,3177,+42.501829,-096.452159
19,193,000800,4038,+42.508747,-096.428126
19,193,000900,2090,+42.517417,-096.415279
19,193,001000,1774,+42.513625,-096.406190
19,193,001100,4355,+42.515345,-096.395103
19,193,001200,3554,+42.505580,-096.397820
19,193,001300,1670,+42.506273,-096.405677
19,193,001400,4410,+42.500261,-096.431250
19,193,001500,2303,+42.498619,-096.417057
19,193,001800,6773,+42.481635,-096.361027
19,193,001900,3136,+42.469937,-096.343217
19,193,002000,5416,+42.470754,-096.362997
19,193,002101,3002,+42.459197,-096.338131
19,193,002102,5979,+42.454145,-096.356592
19,193,003100,3911,+42.418233,-095.804180
19,193,003200,4768,+42.472346,-096.121038
19,193,003300,7077,+42.425064,-096.335922
19,193,003500,4033,+42.281035,-096.164608
19,193,003600,2928,+42.484227,-096.393258
19,193,940200,0,+42.226002,-096.319287
19,195,690100,2442,+43.449423,-093.207717
19,195,690200,2317,+43.348846,-093.396330
19,195,690300,2839,+43.309689,-093.172976
19,197,680100,3450,+42.846651,-093.634876
19,197,680200,1549,+42.683369,-093.892974
19,197,680300,3296,+42.730993,-093.730417
19,197,680400,1270,+42.680740,-093.549946
19,197,680500,3664,+42.663981,-093.904369
31,001,965400,4169,+40.622454,-098.505262
31,001,965500,4129,+40.599968,-098.393050
31,001,965600,5536,+40.591660,-098.372786
31,001,965700,1288,+40.589486,-098.388892
31,001,965800,2421,+40.587703,-098.406908
31,001,965900,4359,+40.594918,-098.416619
31,001,966000,4776,+40.571851,-098.396353
31,001,966100,2346,+40.579820,-098.366679
31,001,966200,2340,+40.467810,-098.492741
31,003,979600,2146,+42.299336,-098.083689
31,003,979700,1758,+42.130259,-098.027617
31,003,979800,2781,+42.046271,-098.054628
31,005,958300,460,+41.569808,-101.673813
31,007,954000,690,+41.557925,-103.702088
31,009,972400,478,+41.901108,-100.007203
31,011,960100,3626,+41.677141,-098.022113
31,011,960200,1879,+41.686046,-098.005257
31,013,951100,2259,+42.257940,-103.043958
31,013,951200,4832,+42.110717,-102.868620
31,013,951300,4217,+42.097074,-102.868954
31,015,975800,2099,+42.891084,-098.730816
31,017,975000,3145,+42.538836,-099.852141
31,019,968900,3555,+40.982668,-099.012234
31,019,969000,4103,+40.758491,-099.243630
31,019,969100,4782,+40.757726,-098.841225
31,019,969202,3274,+40.710063,-099.102468
31,019,969203,5347,+40.723730,-099.068554
31,019,969204,4995,+40.720564,-099.114803
31,019,969300,2274,+40.706002,-099.057117
31,019,969400,3992,+40.707014,-099.072002
31,019,969500,2349,+40.699223,-099.083557
31,019,969600,5475,+40.699084,-099.101357
31,019,969700,5956,+40.686277,-099.084874
31,021,963200,2158,+41.819021,-096.447760
31,021,963300,2668,+41.781328,-096.222322
31,021,963400,2032,+41.958880,-096.388834
31,023,967600,3327,+41.314474,-097.180504
31,023,967700,3110,+41.255385,-097.124836
31,023,967800,1958,+41.127388,-097.100691
31,025,965600,3706,+41.014582,-095.897637
31,025,965700,4778,+41.005193,-096.082660
31,025,965800,2953,+40.953653,-096.349566
31,025,965900,4998,+40.833494,-096.287189
31,025,966000,4301,+40.896791,-095.905716
31,025,966100,4505,+40.996527,-095.888631
31,027,977100,4656,+42.694038,-097.286369
31,027,977200,4196,+42.445598,-097.220037
31,029,961900,3966,+40.500254,-101.619767
31,031,955800,4287,+42.887272,-100.693319
31,031,955900,1426,+42.475781,-100.938752
31,033,954800,3157,+41.228781,-102.988169
31,033,954900,4097,+41.136834,-102.985271
31,033,955000,2744,+41.138212,-102.972299
31,035,962100,3638,+40.619560,-097.991719
31,035,962200,2904,+40.452641,-098.077086
31,037,964600,2225,+41.714122,-097.103646
31,037,964700,1774,+41.521726,-097.103737
31,037,964800,6516,+41.449324,-097.059949
31,039,972700,2616,+41.926403,-096.900397
31,039,972800,4251,+41.837541,-096.698390
31,039,972900,2272,+41.976717,-096.710421
31,041,971700,2721,+41.554096,-099.533861
31,041,971800,2827,+41.320342,-099.981710
31,041,971900,3949,+41.404144,-099.640874
31,041,972000,1442,+41.262334,-099.416215
31,043,010100,6571,+42.475906,-096.411010
31,043,010200,6621,+42.461305,-096.410498
31,043,010300,4381,+42.434188,-096.432014
31,043,010400,3433,+42.372343,-096.571653
31,045,950600,3013,+42.703361,-103.197087
31,045,950700,6169,+42.825329,-103.002246
31,047,968000,2584,+40.822674,-099.587000
31,047,968100,1494,+40.889829,-099.931316
31,047,968200,3798,+40.935815,-100.158910
31,047,968300,4088,+40.864368,-099.984803
31,047,968400,5365,+40.778212,-099.752069
31,047,968500,5424,+40.784458,-099.739716
31,047,968600,1573,+40.751359,-099.963088
31,049,955400,1941,+41.088793,-102.345568
31,051,977600,2587,+42.583189,-096.798451
31,051,977800,3413,+42.328858,-096.853819
31,053,963600,5026,+41.647965,-096.632247
31,053,963700,2588,+41.504096,-096.760195
31,053,963800,5522,+41.456492,-096.506286
31,053,963900,3819,+41.443142,-096.507305
31,053,964000,3366,+41.444264,-096.491092
31,053,964100,4413,+41.443637,-096.470693
31,053,964200,4027,+41.434357,-096.494533
31,053,964300,4894,+41.430473,-096.473370
31,053,964400,3036,+41.424637,-096.512216
31,055,000200,3759,+41.324075,-095.952982
31,055,000300,2250,+41.310716,-095.950461
31,055,000400,2176,+41.312312,-095.939059
31,055,000500,2328,+41.282401,-095.915093
31,055,000600,1422,+41.303546,-095.948727
31,055,000700,1237,+41.292830,-095.951090
31,055,000800,1861,+41.293100,-095.940967
31,055,001100,2708,+41.278391,-095.951786
31,055,001200,2903,+41.279514,-095.941273
31,055,001600,2577,+41.264443,-095.946938
31,055,001800,3970,+41.254416,-095.935730
31,055,001900,1178,+41.253023,-095.944922
31,055,002000,3512,+41.236917,-095.942434
31,055,002100,2367,+41.242094,-095.934127
31,055,002200,1245,+41.246025,-095.925961
31,055,002300,2454,+41.238251,-095.924674
31,055,002400,3581,+41.231950,-095.937821
31,055,002500,2557,+41.223100,-095.936786
31,055,002600,2364,+41.215908,-095.941901
31,055,002700,2521,+41.208944,-095.940078
31,055,002800,3584,+41.198938,-095.939379
31,055,002900,5345,+41.198545,-095.956456
31,055,003000,7061,+41.197823,-095.969684
31,055,003100,3722,+41.216146,-095.969144
31,055,003200,2657,+41.217948,-095.949602
31,055,003300,2267,+41.245106,-095.949628
31,055,003401,3943,+41.232872,-095.971156
31,055,003402,2470,+41.234226,-095.961141
31,055,003500,4262,+41.235613,-095.986821
31,055,003600,4179,+41.244565,-096.002517
31,055,003700,2444,+41.244991,-095.982614
31,055,003800,4203,+41.244647,-095.960828
31,055,003900,2859,+41.250353,-095.954428
31,055,004000,2731,+41.255558,-095.954058
31,055,004200,1718,+41.253502,-095.963789
31,055,004300,2851,+41.255006,-095.970043
31,055,004400,1296,+41.251412,-095.981887
31,055,004500,2844,+41.253614,-095.994130
31,055,004600,2318,+41.254278,-096.008387
31,055,004700,3086,+41.261974,-096.007992
31,055,004800,4438,+41.266247,-095.989552
31,055,004900,4480,+41.267051,-095.978669
31,055,005000,3905,+41.263331,-095.967842
31,055,005100,2538,+41.266489,-095.960114
31,055,005200,1424,+41.276992,-095.962701
31,055,005300,2121,+41.279491,-095.969042
31,055,005400,3110,+41.280605,-095.978357
31,055,005500,5228,+41.277354,-095.994984
31,055,005600,4117,+41.285522,-096.014724
31,055,005700,4466,+41.289656,-096.004216
31,055,005800,4314,+41.288367,-095.988589
31,055,005901,2302,+41.292801,-095.977648
31,055,005902,2136,+41.293882,-095.966092
31,055,006000,4155,+41.302651,-095.972769
31,055,006101,2378,+41.312669,-095.981081
31,055,006102,4145,+41.314700,-095.969453
31,055,006202,4920,+41.323684,-095.962758
31,055,006301,2263,+41.318671,-095.996358
31,055,006302,4106,+41.304230,-095.999299
31,055,006303,2783,+41.296577,-096.004111
31,055,006400,4895,+41.273142,-096.014537
31,055,006503,2524,+41.304233,-096.039451
31,055,006504,3466,+41.293038,-096.036695
31,055,006505,1856,+41.322832,-096.013933
31,055,006506,3366,+41.310828,-096.013183
31,055,006602,5613,+41.269694,-096.052341
31,055,006603,2434,+41.281040,-096.032353
31,055,006604,3888,+41.271650,-096.032533
31,055,006701,3698,+41.254844,-096.045265
31,055,006703,3033,+41.256027,-096.093225
31,055,006704,1576,+41.255536,-096.069563
31,055,006803,2012,+41.240749,-096.093450
31,055,006804,1538,+41.239049,-096.076388
31,055,006805,3239,+41.242421,-096.054254
31,055,006806,2585,+41.243704,-096.032084
31,055,006903,2460,+41.228981,-096.094702
31,055,006904,3861,+41.228563,-096.070963
31,055,006905,1789,+41.227062,-096.051918
31,055,006906,3241,+41.228627,-096.032526
31,055,007001,3944,+41.233893,-096.014597
31,055,007002,3400,+41.227070,-095.990448
31,055,007003,2403,+41.216209,-095.995179
31,055,007101,3122,+41.208850,-095.993190
31,055,007102,3627,+41.198182,-095.991282
31,055,007303,2834,+41.364419,-095.984301
31,055,007304,1528,+41.338167,-095.991001
31,055,007309,4231,+41.323732,-096.086933
31,055,007310,2818,+41.311107,-096.089045
31,055,007311,3509,+41.314216,-096.077498
31,055,007312,1930,+41.310302,-096.063956
31,055,007313,6270,+41.322721,-096.038148
31,055,007314,3061,+41.329995,-096.150537
31,055,007315,3317,+41.313806,-096.118010
31,055,007316,2797,+41.314808,-096.149275
31,055,007317,4040,+41.349871,-096.083050
31,055,007318,3885,+41.337278,-096.168566
31,055,007405,2192,+41.268363,-096.129818
31,055,007406,5124,+41.241515,-096.129616
31,055,007407,3078,+41.241742,-096.106888
31,055,007408,4124,+41.226257,-096.110377
31,055,007409,2314,+41.229819,-096.129731
31,055,007424,2867,+41.281411,-096.063177
31,055,007429,3372,+41.240521,-096.151571
31,055,007431,4494,+41.299924,-096.129460
31,055,007432,3170,+41.299791,-096.113414
31,055,007433,4240,+41.298448,-096.089393
31,055,007434,3429,+41.296194,-096.076747
31,055,007435,3435,+41.301147,-096.061819
31,055,007436,4236,+41.290171,-096.063606
31,055,007438,2010,+41.282700,-096.130167
31,055,007439,4605,+41.284037,-096.109234
31,055,007440,1794,+41.281928,-096.088683
31,055,007441,2733,+41.271414,-096.164477
31,055,007442,5003,+41.270890,-096.149298
31,055,007443,3386,+41.271647,-096.109950
31,055,007444,4184,+41.271997,-096.088302
31,055,007445,2406,+41.272387,-096.074050
31,055,007446,3997,+41.256019,-096.166605
31,055,007447,2835,+41.256582,-096.152724
31,055,007448,2804,+41.254493,-096.110447
31,055,007449,3180,+41.243286,-096.186283
31,055,007450,3494,+41.240349,-096.169943
31,055,007451,5146,+41.227753,-096.164941
31,055,007452,5277,+41.213197,-096.186888
31,055,007453,3445,+41.209599,-096.168390
31,055,007454,4548,+41.212843,-096.146770
31,055,007455,1488,+41.208972,-096.132615
31,055,007456,2310,+41.208693,-096.109072
31,055,007457,2661,+41.208085,-096.070633
31,055,007458,2981,+41.208837,-096.051764
31,055,007459,2853,+41.205678,-096.035518
31,055,007460,3944,+41.197510,-096.186750
31,055,007461,6133,+41.197808,-096.167051
31,055,007462,4764,+41.197769,-096.149340
31,055,007463,4512,+41.196145,-096.129183
31,055,007464,2618,+41.199440,-096.108214
31,055,007465,4497,+41.198324,-096.087059
31,055,007466,5510,+41.198243,-096.071984
31,055,007467,4712,+41.198840,-096.054376
31,055,007468,2398,+41.194071,-096.032810
31,055,007469,3242,+41.298281,-096.167433
31,055,007470,5571,+41.298726,-096.147867
31,055,007471,3595,+41.283301,-096.167973
31,055,007472,4486,+41.283824,-096.149232
31,055,007504,3161,+41.318691,-096.347599
31,055,007505,3038,+41.318558,-096.240398
31,055,007506,2169,+41.277981,-096.243215
31,055,007508,2479,+41.265759,-096.296556
31,055,007509,3734,+41.243315,-096.253977
31,055,007511,4654,+41.291636,-096.186761
31,055,007512,5662,+41.279171,-096.209611
31,055,007513,4828,+41.254757,-096.209216
31,055,007514,3258,+41.241408,-096.211060
31,055,007515,3618,+41.223456,-096.211903
31,055,007516,3043,+41.211209,-096.214850
31,055,007517,4340,+41.198891,-096.211018
31,057,962300,2008,+40.093189,-101.601584
31,059,091600,2319,+40.574813,-097.484126
31,059,091700,3571,+40.518517,-097.638950
31,061,964600,1422,+40.300976,-098.929483
31,061,964700,1803,+40.098220,-098.960621
31,063,961100,2756,+40.607972,-100.404194
31,065,963900,4959,+40.248006,-099.925599
31,067,964600,2725,+40.398502,-096.562428
31,067,964700,3521,+40.321804,-096.787398
31,067,964800,3929,+40.260536,-096.756668
31,067,964900,3803,+40.270845,-096.726234
31,067,965000,3494,+40.277797,-096.736390
31,067,965100,2068,+40.265494,-096.740905
31,067,965200,2771,+40.119684,-096.645244
31,069,952100,2057,+41.422768,-102.320765
31,071,973200,2049,+41.800943,-099.107238
31,073,967600,2044,+40.592124,-099.830993
31,075,956300,614,+41.984368,-101.731402
31,077,970900,2538,+41.556319,-098.497703
31,079,000100,2517,+40.981272,-098.534513
31,079,000200,5070,+40.939245,-098.340226
31,079,000300,6385,+40.931969,-098.351608
31,079,000400,5389,+40.940224,-098.369677
31,079,000500,4752,+40.944004,-098.403921
31,079,000600,4530,+40.903875,-098.401629
31,079,000700,4504,+40.924573,-098.368261
31,079,000800,2979,+40.909515,-098.361787
31,079,000900,5042,+40.914084,-098.346672
31,079,001000,4754,+40.922502,-098.319947
31,079,001100,4082,+40.907250,-098.330124
31,079,001200,3590,+40.895047,-098.356733
31,079,001300,2885,+40.802052,-098.405503
31,079,001400,2128,+40.813910,-098.599545
31,081,969100,1934,+40.927756,-097.904473
31,081,969200,2482,+40.863451,-098.145857
31,081,969300,4708,+40.866578,-098.003170
31,083,964200,3423,+40.145693,-099.402210
31,085,961500,967,+40.495630,-101.058515
31,087,962700,2908,+40.211961,-101.006845
31,089,974000,1645,+42.619659,-098.928110
31,089,974100,2564,+42.298180,-098.626753
31,089,974200,1910,+42.525691,-098.955145
31,089,974300,4316,+42.462341,-098.648047
31,091,956700,736,+42.016041,-101.062839
31,093,970500,1694,+41.163576,-098.401653
31,093,970600,4580,+41.199156,-098.527456
31,095,963600,3294,+40.190903,-097.093837
31,095,963700,2935,+40.145795,-097.175066
31,095,963800,1318,+40.137463,-097.179229
31,097,967500,2011,+40.446093,-096.303286
31,097,967600,3206,+40.373315,-096.182345
31,099,966600,3458,+40.515190,-099.029453
31,099,966700,3031,+40.496081,-098.950870
31,101,000100,1449,+41.128455,-101.723175
31,101,000200,3344,+41.133087,-101.719298
31,101,000300,3575,+41.155539,-101.664333
31,103,975400,824,+42.868344,-099.703607
31,105,954500,3821,+41.232889,-103.660711
31,107,976200,3106,+42.543797,-098.001846
31,107,976300,2472,+42.547242,-097.621076
31,107,976400,3123,+42.750898,-097.704274
31,109,000100,3364,+40.856275,-096.629896
31,109,000201,4654,+40.844222,-096.635500
31,109,000202,4351,+40.842745,-096.648778
31,109,000300,3352,+40.840326,-096.661090
31,109,000400,5145,+40.828317,-096.681835
31,109,000500,1648,+40.824704,-096.708702
31,109,000600,6413,+40.821215,-096.697965
31,109,000700,2570,+40.819358,-096.686562
31,109,000800,3497,+40.817774,-096.676208
31,109,000900,3749,+40.824520,-096.664031
31,109,001001,2997,+40.831585,-096.641675
31,109,001002,1569,+40.818632,-096.645797
31,109,001003,3278,+40.824331,-096.642977
31,109,001101,4555,+40.841057,-096.619004
31,109,001102,3456,+40.831704,-096.619536
31,109,001200,6155,+40.821263,-096.618708
31,109,001301,3669,+40.805755,-096.633948
31,109,001302,2900,+40.792812,-096.635182
31,109,001400,4694,+40.806781,-096.654574
31,109,001500,4612,+40.793014,-096.656751
31,109,001600,5712,+40.806027,-096.672822
31,109,001700,4949,+40.803785,-096.691299
31,109,001800,1715,+40.811055,-096.686695
31,109,001900,993,+40.814589,-096.702049
31,109,002001,2326,+40.803282,-096.699821
31,109,002002,2940,+40.804001,-096.705620
31,109,002100,2148,+40.803633,-096.715216
31,109,002200,5504,+40.793177,-096.704387
31,109,002300,6013,+40.793952,-096.688657
31,109,002400,3098,+40.784977,-096.680028
31,109,002500,5311,+40.783302,-096.660805
31,109,002701,3168,+40.773256,-096.652974
31,109,002702,5394,+40.767270,-096.658521
31,109,002800,5131,+40.776749,-096.693472
31,109,002900,4968,+40.864949,-096.670872
31,109,003001,6748,+40.864925,-096.692518
31,109,003002,3345,+40.848036,-096.706655
31,109,003003,4947,+40.849565,-096.693715
31,109,003102,5900,+40.866834,-096.731377
31,109,003103,2446,+40.843926,-096.716863
31,109,003104,5062,+40.844191,-096.726567
31,109,003202,3156,+40.852457,-096.791722
31,109,003301,4119,+40.821245,-096.737021
31,109,003302,3830,+40.835985,-096.788537
31,109,003401,5805,+40.794127,-096.762246
31,109,003402,6216,+40.794033,-096.739754
31,109,003500,212,+40.781073,-096.733047
31,109,003601,1125,+40.770011,-096.703848
31,109,003604,2787,+40.740499,-096.735530
31,109,003605,3553,+40.760380,-096.694618
31,109,003607,3581,+40.733259,-096.692302
31,109,003608,1114,+40.749079,-096.705665
31,109,003609,2369,+40.748632,-096.691870
31,109,003704,5254,+40.759596,-096.671462
31,109,003706,5864,+40.778632,-096.621989
31,109,003707,7660,+40.762478,-096.625205
31,109,003708,4121,+40.748168,-096.673282
31,109,003709,5008,+40.748126,-096.653967
31,109,003713,2392,+40.750380,-096.615910
31,109,003714,2147,+40.734835,-096.636727
31,109,003715,2500,+40.736756,-096.654893
31,109,003716,5105,+40.733917,-096.672300
31,109,003717,2543,+40.829930,-096.599438
31,109,003718,2126,+40.777356,-096.597416
31,109,003719,3707,+40.744696,-096.593706
31,109,003720,1380,+40.714536,-096.650023
31,109,003801,4684,+40.790574,-096.615722
31,109,003802,2990,+40.806753,-096.613241
31,109,010100,6030,+40.913107,-096.547296
31,109,010201,3354,+40.878163,-096.707133
31,109,010202,4388,+40.918401,-096.815776
31,109,010300,3855,+40.664465,-096.804391
31,109,010400,7821,+40.630548,-096.584244
31,109,983200,165,+40.858912,-096.778584
31,111,959700,3669,+41.099372,-100.558396
31,111,959800,3311,+41.170524,-101.047040
31,111,959900,5643,+41.148851,-100.775160
31,111,960200,4555,+41.131169,-100.750426
31,111,960300,4576,+41.133768,-100.773688
31,111,960400,5523,+41.134971,-100.793719
31,111,960500,5150,+41.120460,-100.778530
31,111,960600,3861,+40.999150,-100.880165
31,113,957500,763,+41.484178,-100.500737
31,115,972800,632,+41.816483,-099.402546
31,117,957900,539,+41.573310,-100.986347
31,119,960600,5494,+42.035248,-097.394358
31,119,960700,3237,+42.046373,-097.416101
31,119,960801,4787,+42.043932,-097.436783
31,119,960802,3289,+42.046429,-097.455841
31,119,960900,4487,+42.030503,-097.425732
31,119,961000,3191,+42.025842,-097.412897
31,119,961100,1869,+42.006509,-097.413290
31,119,961200,3513,+42.010923,-097.668192
31,119,961300,5009,+41.832234,-097.528922
31,121,966600,1947,+41.240510,-097.853651
31,121,966700,2615,+41.072560,-098.222830
31,121,966800,3283,+41.113082,-098.003036
31,123,952500,5042,+41.707123,-103.159224
31,125,966100,3735,+41.403829,-097.895028
31,127,968100,3595,+40.420972,-095.829492
31,127,968200,3653,+40.387212,-095.843015
31,129,960000,2394,+40.194977,-098.056455
31,129,960100,2106,+40.024131,-098.066384
31,131,966600,2128,+40.641170,-095.962794
31,131,966700,3113,+40.664131,-096.174170
31,131,966800,2893,+40.676788,-096.367677
31,131,966900,4598,+40.675999,-095.860894
31,131,967000,3008,+40.678129,-095.861404
31,133,967800,2773,+40.134921,-096.184059
31,135,959300,2970,+40.847278,-101.672531
31,137,967000,2671,+40.439894,-099.371067
31,137,967100,3246,+40.445735,-099.377641
31,137,967200,3271,+40.513470,-099.464852
31,139,979100,3826,+42.204854,-097.495715
31,139,979200,3440,+42.326960,-097.699268
31,141,965100,3737,+41.667405,-097.517062
31,141,965298,3208,+41.476306,-097.477869
31,141,965300,7479,+41.451689,-097.378957
31,141,965400,4806,+41.447035,-097.329402
31,141,965500,5427,+41.425049,-097.337157
31,141,965600,4392,+41.430865,-097.358661
31,141,965700,3188,+41.430292,-097.377428
31,143,960000,2167,+41.235595,-097.543231
31,143,960100,3239,+41.134058,-097.564217
31,145,963100,2708,+40.197850,-100.471211
31,145,963200,5018,+40.210677,-100.631713
31,145,963300,3329,+40.203837,-100.616488
31,147,964500,1775,+40.149733,-095.613161
31,147,968500,2008,+40.141746,-095.892336
31,147,968600,4580,+40.062327,-095.600957
31,149,974600,1526,+42.536442,-099.495235
31,151,960600,7518,+40.626007,-096.957090
31,151,960700,2110,+40.650981,-097.210067
31,151,960800,1496,+40.461175,-097.196171
31,151,960900,3076,+40.468584,-096.957731
31,153,010103,4354,+41.159787,-095.902914
31,153,010104,1801,+41.175902,-095.923755
31,153,010105,2942,+41.157218,-095.918267
31,153,010106,4045,+41.143090,-095.902063
31,153,010107,3372,+41.168660,-095.944161
31,153,010108,3600,+41.164107,-095.931777
31,153,010203,4768,+41.134455,-095.983196
31,153,010204,3481,+41.133565,-095.958031
31,153,010205,5436,+41.105850,-095.962800
31,153,010206,4082,+41.113506,-095.957576
31,153,010207,2361,+41.110122,-095.940827
31,153,010208,2921,+41.086369,-095.939867
31,153,010302,994,+41.133210,-095.915880
31,153,010305,1778,+41.123861,-095.951019
31,153,010306,1878,+41.126245,-095.960572
31,153,010401,2692,+41.141515,-095.918758
31,153,010402,4185,+41.128545,-095.898055
31,153,010501,6724,+41.173336,-095.955983
31,153,010502,4287,+41.181805,-095.976963
31,153,010503,3404,+41.183057,-095.992566
31,153,010614,5076,+41.184000,-096.031616
31,153,010615,2073,+41.181926,-096.019339
31,153,010616,3648,+41.170139,-096.056820
31,153,010617,5412,+41.167495,-096.033435
31,153,010618,5774,+41.158251,-096.005949
31,153,010619,4332,+41.144600,-096.033666
31,153,010620,3185,+41.132833,-096.031326
31,153,010621,5931,+41.183329,-096.051337
31,153,010622,2837,+41.182337,-096.071465
31,153,010623,4439,+41.149201,-096.056193
31,153,010624,5248,+41.132433,-096.057998
31,153,010625,5056,+41.184027,-096.149218
31,153,010626,5091,+41.182877,-096.167631
31,153,010627,2784,+41.185701,-096.188424
31,153,010628,4439,+41.161266,-096.179239
31,153,010629,1803,+41.160203,-096.111271
31,153,010630,2459,+41.185458,-096.211319
31,153,010631,4421,+41.143979,-096.253587
31,153,010632,3898,+41.141513,-096.232543
31,153,010633,3042,+41.179668,-096.124522
31,153,010634,2896,+41.186944,-096.128115
31,153,010701,2288,+41.082418,-096.231880
31,153,010702,3603,+41.084695,-096.098901
31,155,968100,3210,+41.367771,-096.550039
31,155,968200,5485,+41.177181,-096.744730
31,155,968300,4891,+41.212682,-096.622444
31,155,968400,4221,+41.197456,-096.440087
31,155,968500,2973,+41.040704,-096.374791
31,157,952900,2781,+41.871680,-103.520022
31,157,953000,3176,+41.943679,-103.788994
31,157,953100,2318,+41.945628,-103.942297
31,157,953200,1524,+41.780000,-103.649565
31,157,953300,3334,+41.882233,-103.680142
31,157,953400,3013,+41.877622,-103.644206
31,157,953500,2996,+41.867166,-103.662639
31,157,953600,3070,+41.861560,-103.677949
31,157,953700,4425,+41.860114,-103.648923
31,157,953800,4854,+41.818757,-103.658465
31,157,953900,5479,+41.833886,-103.672731
31,159,960100,4378,+40.924292,-097.142465
31,159,960200,2285,+40.907342,-097.101758
31,159,960300,5099,+40.917273,-097.090158
31,159,960400,4988,+40.768981,-097.092292
31,161,951600,2215,+42.809620,-102.207509
31,161,951700,3254,+42.624213,-102.528781
31,163,970100,3152,+41.223634,-098.971650
31,165,950100,1311,+42.379652,-103.825082
31,167,962100,1593,+41.911616,-097.140209
31,167,962200,4536,+42.011654,-097.290829
31,169,963100,2771,+40.214798,-097.671485
31,169,963200,2457,+40.139115,-097.573377
31,171,957100,647,+41.966823,-100.546734
31,173,940100,4400,+42.119979,-096.512003
31,173,940200,2540,+42.227713,-096.522082
31,175,971300,1895,+41.537192,-098.965560
31,175,971400,2365,+41.602358,-098.933464
31,177,050101,3492,+41.546485,-096.152054
31,177,050102,5177,+41.544978,-096.133420
31,177,050201,3965,+41.471696,-096.136447
31,177,050202,3165,+41.443287,-096.029873
31,177,050300,4435,+41.508853,-096.303517
31,179,978600,3683,+42.197421,-097.137435
31,179,978700,5912,+42.237199,-097.016701
31,181,965000,1974,+40.304456,-098.473145
31,181,965100,1838,+40.088367,-098.498089
31,183,973600,818,+41.880574,-098.543873
31,185,969600,2711,+40.939020,-097.582611
31,185,969700,3884,+40.875538,-097.583355
31,185,969800,4634,+40.863051,-097.593766
31,185,969900,2436,+40.766016,-097.688060
